,Model,RMISE,DPE,PE
0,DRNet,5.189455470136051,0.0,2.6229298348810373
1,MLP,4.544286932805049,0.0,0.518290935372493
2,TARNET,4.1186160225647335,0.0,2.6229298348810373
